Product_Group_Code,Product_Group,SKU_Description,SKU,.model,ME,RMSE,MAE,MASE,RMSSE,Selected_Model,Selected,Demand_Profile
BRG,Industrial Bearings,Industrial Bearings Core,BRG-01,Seasonal_Naive,20.583333333333336,46.655653462361876,37.58333333333333,NA,NA,Seasonal_Naive,TRUE,Seasonal
BRG,Industrial Bearings,Industrial Bearings Core,BRG-01,ETS,-18.82901111058808,55.20118248997514,48.83189259241825,NA,NA,Seasonal_Naive,FALSE,Seasonal
BRG,Industrial Bearings,Industrial Bearings Core,BRG-01,Naive,-18.83333333333334,55.202656940887664,48.833333333333336,NA,NA,Seasonal_Naive,FALSE,Seasonal
BRG,Industrial Bearings,Industrial Bearings Core,BRG-01,Mean,38.91666666666667,64.86251485514059,51.20833333333333,NA,NA,Seasonal_Naive,FALSE,Seasonal
BRG,Industrial Bearings,Industrial Bearings Core,BRG-01,ARIMA,36.531368452655855,64.94059754410543,51.938661539624164,NA,NA,Seasonal_Naive,FALSE,Seasonal
BRG,Industrial Bearings,Industrial Bearings Core,BRG-01,Drift,-50.20289855072464,78.50450402275561,65.72463768115941,NA,NA,Seasonal_Naive,FALSE,Seasonal
BRG,Industrial Bearings,Industrial Bearings Compact,BRG-02,Seasonal_Naive,-11.583333333333334,61.98991853519409,50.583333333333336,NA,NA,Seasonal_Naive,TRUE,Seasonal
BRG,Industrial Bearings,Industrial Bearings Compact,BRG-02,ARIMA,-1.8758749555741103,65.08843331505705,47.21146209058287,NA,NA,Seasonal_Naive,FALSE,Seasonal
BRG,Industrial Bearings,Industrial Bearings Compact,BRG-02,Mean,11.374999999999963,67.18218648239692,52.520833333333314,NA,NA,Seasonal_Naive,FALSE,Seasonal
BRG,Industrial Bearings,Industrial Bearings Compact,BRG-02,ETS,-52.88139515911318,84.73781628959902,63.976485661631,NA,NA,Seasonal_Naive,FALSE,Seasonal
BRG,Industrial Bearings,Industrial Bearings Compact,BRG-02,Naive,-67.66666666666666,94.67224161988207,74,NA,NA,Seasonal_Naive,FALSE,Seasonal
BRG,Industrial Bearings,Industrial Bearings Compact,BRG-02,Drift,-82.92753623188406,107.3915141111605,87.30434782608697,NA,NA,Seasonal_Naive,FALSE,Seasonal
BRG,Industrial Bearings,Industrial Bearings Standard,BRG-03,ARIMA,10.290160090657128,64.45479085847539,50.734472262935384,NA,NA,ARIMA,TRUE,Seasonal
BRG,Industrial Bearings,Industrial Bearings Standard,BRG-03,Mean,25.25,73.9825429859414,57.91666666666667,NA,NA,ARIMA,FALSE,Seasonal
BRG,Industrial Bearings,Industrial Bearings Standard,BRG-03,Seasonal_Naive,12.75,85.87539422519896,71.75,NA,NA,ARIMA,FALSE,Seasonal
BRG,Industrial Bearings,Industrial Bearings Standard,BRG-03,ETS,-63.379794714514105,94.08959849377942,77.50319647634274,NA,NA,ARIMA,FALSE,Seasonal
BRG,Industrial Bearings,Industrial Bearings Standard,BRG-03,Naive,-91.25,114.7275758772348,96.08333333333333,NA,NA,ARIMA,FALSE,Seasonal
BRG,Industrial Bearings,Industrial Bearings Standard,BRG-03,Drift,-101.98913043478267,123.22495770597094,105.71376811594209,NA,NA,ARIMA,FALSE,Seasonal
BRG,Industrial Bearings,Industrial Bearings Heavy Duty,BRG-04,Naive,41.16666666666667,115.23815918927781,91.33333333333334,NA,NA,Naive,TRUE,Seasonal
BRG,Industrial Bearings,Industrial Bearings Heavy Duty,BRG-04,Drift,43.42753623188405,116.74502589491138,91.68115942028984,NA,NA,Naive,FALSE,Seasonal
BRG,Industrial Bearings,Industrial Bearings Heavy Duty,BRG-04,ETS,58.934690960297914,122.71282201740252,91.33333333333334,NA,NA,Naive,FALSE,Seasonal
BRG,Industrial Bearings,Industrial Bearings Heavy Duty,BRG-04,ARIMA,66.4223964407213,126.8827981916904,90.19892672911398,NA,NA,Naive,FALSE,Seasonal
BRG,Industrial Bearings,Industrial Bearings Heavy Duty,BRG-04,Mean,70.75000000000003,128.80489660291994,91.43055555555557,NA,NA,Naive,FALSE,Seasonal
BRG,Industrial Bearings,Industrial Bearings Heavy Duty,BRG-04,Seasonal_Naive,55.583333333333336,128.93635380812248,87.91666666666666,NA,NA,Naive,FALSE,Seasonal
BRG,Industrial Bearings,Industrial Bearings Precision,BRG-05,Drift,24.239130434782584,125.97542168337829,106.97101449275361,NA,NA,Drift,TRUE,Seasonal
BRG,Industrial Bearings,Industrial Bearings Precision,BRG-05,Seasonal_Naive,52.58333333333333,127.19243950277338,106.41666666666667,NA,NA,Drift,FALSE,Seasonal
BRG,Industrial Bearings,Industrial Bearings Precision,BRG-05,Naive,26.5,127.26808974234928,107.66666666666667,NA,NA,Drift,FALSE,Seasonal
BRG,Industrial Bearings,Industrial Bearings Precision,BRG-05,ETS,-31.761719194509737,128.46681856751007,114.04361986575162,NA,NA,Drift,FALSE,Seasonal
BRG,Industrial Bearings,Industrial Bearings Precision,BRG-05,ARIMA,60.37499999957515,138.3475959011047,112.81249999992919,NA,NA,Drift,FALSE,Seasonal
BRG,Industrial Bearings,Industrial Bearings Precision,BRG-05,Mean,60.375,138.3475959012901,112.8125,NA,NA,Drift,FALSE,Seasonal
BRG,Industrial Bearings,Industrial Bearings High Capacity,BRG-06,Seasonal_Naive,69,103.00970828033637,89,NA,NA,Seasonal_Naive,TRUE,Seasonal
BRG,Industrial Bearings,Industrial Bearings High Capacity,BRG-06,Drift,-2.2608695652174235,118.48574633978669,100.10869565217388,NA,NA,Seasonal_Naive,FALSE,Seasonal
BRG,Industrial Bearings,Industrial Bearings High Capacity,BRG-06,Naive,32.5,137.76550124517144,124.33333333333333,NA,NA,Seasonal_Naive,FALSE,Seasonal
BRG,Industrial Bearings,Industrial Bearings High Capacity,BRG-06,ETS,33.736217962224146,138.0623617635452,124.74540598740805,NA,NA,Seasonal_Naive,FALSE,Seasonal
BRG,Industrial Bearings,Industrial Bearings High Capacity,BRG-06,Mean,79.95833333333326,155.93722584032898,140.15277777777777,NA,NA,Seasonal_Naive,FALSE,Seasonal
BRG,Industrial Bearings,Industrial Bearings High Capacity,BRG-06,ARIMA,76.54623259587524,158.59679774231066,144.44770262949785,NA,NA,Seasonal_Naive,FALSE,Seasonal
BRG,Industrial Bearings,Industrial Bearings Service Kit,BRG-07,Seasonal_Naive,3.5,116.84676575184555,106.83333333333333,NA,NA,Seasonal_Naive,TRUE,Seasonal
BRG,Industrial Bearings,Industrial Bearings Service Kit,BRG-07,Drift,17.97826086956519,138.0791201277329,121.81159420289852,NA,NA,Seasonal_Naive,FALSE,Seasonal
BRG,Industrial Bearings,Industrial Bearings Service Kit,BRG-07,ETS,21.509579519685076,150.2392381429709,134.5849299199475,NA,NA,Seasonal_Naive,FALSE,Seasonal
BRG,Industrial Bearings,Industrial Bearings Service Kit,BRG-07,Mean,52.08333333333326,157.54948517141455,139.68055555555554,NA,NA,Seasonal_Naive,FALSE,Seasonal
BRG,Industrial Bearings,Industrial Bearings Service Kit,BRG-07,ARIMA,62.65362314970903,160.75750277818463,140.87200141491684,NA,NA,Seasonal_Naive,FALSE,Seasonal
BRG,Industrial Bearings,Industrial Bearings Service Kit,BRG-07,Naive,68,163.50280323794655,142.33333333333334,NA,NA,Seasonal_Naive,FALSE,Seasonal
BRG,Industrial Bearings,Industrial Bearings Premium,BRG-08,Drift,41.713768115942,158.90056107918286,138.46014492753616,NA,NA,Drift,TRUE,Seasonal
BRG,Industrial Bearings,Industrial Bearings Premium,BRG-08,Mean,74.62500000000009,177.31788877762887,149.43055555555557,NA,NA,Drift,FALSE,Seasonal
BRG,Industrial Bearings,Industrial Bearings Premium,BRG-08,ARIMA,85.05751289418296,181.15017077450946,152.29326056282903,NA,NA,Drift,FALSE,Seasonal
BRG,Industrial Bearings,Industrial Bearings Premium,BRG-08,Naive,92.58333333333334,185.59207059210982,155.41666666666666,NA,NA,Drift,FALSE,Seasonal
BRG,Industrial Bearings,Industrial Bearings Premium,BRG-08,Seasonal_Naive,2.5,198.45696426849491,141.83333333333334,NA,NA,Drift,FALSE,Seasonal
BRG,Industrial Bearings,Industrial Bearings Premium,BRG-08,ETS,118.86730841309381,200.00545008806412,164.89198753988023,NA,NA,Drift,FALSE,Seasonal
CNV,Conveying Components,Conveying Components Core,CNV-01,Seasonal_Naive,32.58333333333333,51.08897467490743,40.91666666666667,NA,NA,Seasonal_Naive,TRUE,Seasonal
CNV,Conveying Components,Conveying Components Core,CNV-01,ARIMA,23.845491904579063,57.511006433197956,44.47369798730726,NA,NA,Seasonal_Naive,FALSE,Seasonal
CNV,Conveying Components,Conveying Components Core,CNV-01,ETS,-1.4956952570262274,59.56078495370835,51.499282542837705,NA,NA,Seasonal_Naive,FALSE,Seasonal
CNV,Conveying Components,Conveying Components Core,CNV-01,Naive,-1.5,59.56089321022645,51.5,NA,NA,Seasonal_Naive,FALSE,Seasonal
CNV,Conveying Components,Conveying Components Core,CNV-01,Drift,-4.32608695652173,60.859070006173965,53.166666666666664,NA,NA,Seasonal_Naive,FALSE,Seasonal
CNV,Conveying Components,Conveying Components Core,CNV-01,Mean,31.625,67.41951219787933,51.04166666666667,NA,NA,Seasonal_Naive,FALSE,Seasonal
CNV,Conveying Components,Conveying Components Compact,CNV-02,Seasonal_Naive,-2.916666666666665,68.97644525488393,57.58333333333333,NA,NA,Seasonal_Naive,TRUE,Seasonal
CNV,Conveying Components,Conveying Components Compact,CNV-02,Mean,9.70833333333335,73.5583314451871,64.58333333333333,NA,NA,Seasonal_Naive,FALSE,Seasonal
CNV,Conveying Components,Conveying Components Compact,CNV-02,ETS,14.524250129423685,74.34736196201553,64.58333333333333,NA,NA,Seasonal_Naive,FALSE,Seasonal
CNV,Conveying Components,Conveying Components Compact,CNV-02,ARIMA,11.141939672605627,75.01036149485667,65.79613935138629,NA,NA,Seasonal_Naive,FALSE,Seasonal
CNV,Conveying Components,Conveying Components Compact,CNV-02,Naive,30.416666666666664,79.00474669284118,66.58333333333333,NA,NA,Seasonal_Naive,FALSE,Seasonal
CNV,Conveying Components,Conveying Components Compact,CNV-02,Drift,40.87318840579711,81.87592527267378,69.2644927536232,NA,NA,Seasonal_Naive,FALSE,Seasonal
CNV,Conveying Components,Conveying Components Standard,CNV-03,ARIMA,2.83333333333303,72.71424283530091,58.5,NA,NA,ARIMA,TRUE,Seasonal
CNV,Conveying Components,Conveying Components Standard,CNV-03,Mean,2.8333333333333144,72.71424283530092,58.5,NA,NA,ARIMA,FALSE,Seasonal
CNV,Conveying Components,Conveying Components Standard,CNV-03,Seasonal_Naive,1.9166666666666656,87.42758908567325,71.91666666666667,NA,NA,ARIMA,FALSE,Seasonal
CNV,Conveying Components,Conveying Components Standard,CNV-03,ETS,-77.95171414263552,106.5636104451632,86.95976178552961,NA,NA,ARIMA,FALSE,Seasonal
CNV,Conveying Components,Conveying Components Standard,CNV-03,Naive,-126,145.44873094438924,127,NA,NA,ARIMA,FALSE,Seasonal
CNV,Conveying Components,Conveying Components Standard,CNV-03,Drift,-133.6304347826087,151.9225366818855,134.43478260869566,NA,NA,ARIMA,FALSE,Seasonal
CNV,Conveying Components,Conveying Components Heavy Duty,CNV-04,ARIMA,19.916666666666597,76.53593927038459,72.72222222222221,NA,NA,ARIMA,TRUE,Seasonal
CNV,Conveying Components,Conveying Components Heavy Duty,CNV-04,Mean,19.91666666666671,76.5359392703846,72.72222222222223,NA,NA,ARIMA,FALSE,Seasonal
CNV,Conveying Components,Conveying Components Heavy Duty,CNV-04,ETS,19.928092731410256,76.53891342840303,72.72412656634616,NA,NA,ARIMA,FALSE,Seasonal
CNV,Conveying Components,Conveying Components Heavy Duty,CNV-04,Seasonal_Naive,18.916666666666668,94.4356041614249,76.91666666666667,NA,NA,ARIMA,FALSE,Seasonal
CNV,Conveying Components,Conveying Components Heavy Duty,CNV-04,Naive,-116.91666666666667,138.31335197056475,116.91666666666667,NA,NA,ARIMA,FALSE,Seasonal
CNV,Conveying Components,Conveying Components Heavy Duty,CNV-04,Drift,-133.30797101449272,152.18455811628365,133.30797101449272,NA,NA,ARIMA,FALSE,Seasonal
CNV,Conveying Components,Conveying Components Precision,CNV-05,Seasonal_Naive,5.25,96.02994324688524,78.75,NA,NA,Seasonal_Naive,TRUE,Seasonal
CNV,Conveying Components,Conveying Components Precision,CNV-05,Mean,-3.1249999999999707,110.41658018864538,102.96527777777777,NA,NA,Seasonal_Naive,FALSE,Seasonal
CNV,Conveying Components,Conveying Components Precision,CNV-05,ARIMA,-3.3478161664158557,110.4278158062002,102.99354626693017,NA,NA,Seasonal_Naive,FALSE,Seasonal
CNV,Conveying Components,Conveying Components Precision,CNV-05,Drift,-4.333333333333341,110.4573824302085,103.16666666666667,NA,NA,Seasonal_Naive,FALSE,Seasonal
CNV,Conveying Components,Conveying Components Precision,CNV-05,Naive,-4.333333333333341,110.4573824302085,103.16666666666667,NA,NA,Seasonal_Naive,FALSE,Seasonal
CNV,Conveying Components,Conveying Components Precision,CNV-05,ETS,-17.33620052548414,111.72555394454463,105.3338111986918,NA,NA,Seasonal_Naive,FALSE,Seasonal
CNV,Conveying Components,Conveying Components High Capacity,CNV-06,Seasonal_Naive,40.83333333333333,106.9735169718811,81.33333333333334,NA,NA,Seasonal_Naive,TRUE,Seasonal
CNV,Conveying Components,Conveying Components High Capacity,CNV-06,Mean,47.91666666666663,133.13537387853677,107.02777777777777,NA,NA,Seasonal_Naive,FALSE,Seasonal
CNV,Conveying Components,Conveying Components High Capacity,CNV-06,ARIMA,35.27521954635547,138.13696410567124,116.37863875768065,NA,NA,Seasonal_Naive,FALSE,Seasonal
CNV,Conveying Components,Conveying Components High Capacity,CNV-06,ETS,-64.66724077296112,140.03882626800845,114.5419537198139,NA,NA,Seasonal_Naive,FALSE,Seasonal
CNV,Conveying Components,Conveying Components High Capacity,CNV-06,Naive,-108.75,165.0926507550634,141.41666666666669,NA,NA,Seasonal_Naive,FALSE,Seasonal
CNV,Conveying Components,Conveying Components High Capacity,CNV-06,Drift,-167.81521739130434,197.6282013140619,177.69927536231884,NA,NA,Seasonal_Naive,FALSE,Seasonal
CNV,Conveying Components,Conveying Components Service Kit,CNV-07,Seasonal_Naive,-11.583333333333334,93.19647704357357,73.91666666666667,NA,NA,Seasonal_Naive,TRUE,Seasonal
CNV,Conveying Components,Conveying Components Service Kit,CNV-07,Drift,5.9275362318840745,130.12745557487835,107.7608695652174,NA,NA,Seasonal_Naive,FALSE,Seasonal
CNV,Conveying Components,Conveying Components Service Kit,CNV-07,ARIMA,15.788815255550574,133.86459897750404,108.02467383307996,NA,NA,Seasonal_Naive,FALSE,Seasonal
CNV,Conveying Components,Conveying Components Service Kit,CNV-07,Mean,2.0416666666666625,136.06851445136013,110.5,NA,NA,Seasonal_Naive,FALSE,Seasonal
CNV,Conveying Components,Conveying Components Service Kit,CNV-07,ETS,26.494986561243685,138.6090059667939,110.5,NA,NA,Seasonal_Naive,FALSE,Seasonal
CNV,Conveying Components,Conveying Components Service Kit,CNV-07,Naive,49.16666666666667,144.6645545160712,113,NA,NA,Seasonal_Naive,FALSE,Seasonal
CNV,Conveying Components,Conveying Components Premium,CNV-08,Seasonal_Naive,66.08333333333334,146.30419223886466,113.58333333333334,NA,NA,Seasonal_Naive,TRUE,Seasonal
CNV,Conveying Components,Conveying Components Premium,CNV-08,Mean,71.62500000000009,199.8996840431609,174.00694444444446,NA,NA,Seasonal_Naive,FALSE,Seasonal
CNV,Conveying Components,Conveying Components Premium,CNV-08,ARIMA,152.90348372707197,222.96862337259932,179.64307964105956,NA,NA,Seasonal_Naive,FALSE,Seasonal
CNV,Conveying Components,Conveying Components Premium,CNV-08,ETS,334.07151458828986,382.66632973763126,334.57348437913043,NA,NA,Seasonal_Naive,FALSE,Seasonal
CNV,Conveying Components,Conveying Components Premium,CNV-08,Naive,334.0833333333333,382.67664766309775,334.5833333333333,NA,NA,Seasonal_Naive,FALSE,Seasonal
CNV,Conveying Components,Conveying Components Premium,CNV-08,Drift,352.1702898550725,399.79800842742213,352.2065217391305,NA,NA,Seasonal_Naive,FALSE,Seasonal
CVL,Control Valves,Control Valves Core,CVL-01,ETS,-0.5494104874518568,20.466006142852535,16.166666666666668,NA,NA,ETS,TRUE,Volatile
CVL,Control Valves,Control Valves Core,CVL-01,ARIMA,-0.5833333333333341,20.4669448949601,16.166666666666668,NA,NA,ETS,FALSE,Volatile
CVL,Control Valves,Control Valves Core,CVL-01,Mean,-0.5833333333333341,20.4669448949601,16.166666666666668,NA,NA,ETS,FALSE,Volatile
CVL,Control Valves,Control Valves Core,CVL-01,Naive,-1.3333333333333341,20.50203241957571,16.166666666666668,NA,NA,ETS,FALSE,Volatile
CVL,Control Valves,Control Valves Core,CVL-01,Drift,-2.181159420289855,20.781850692622633,16.253623188405793,NA,NA,ETS,FALSE,Volatile
CVL,Control Valves,Control Valves Core,CVL-01,Seasonal_Naive,0.5,27.619437599873994,24.333333333333332,NA,NA,ETS,FALSE,Volatile
CVL,Control Valves,Control Valves Compact,CVL-02,ETS,-9.370801707845487,27.79649722502987,23.561800284640917,NA,NA,ETS,TRUE,Volatile
CVL,Control Valves,Control Valves Compact,CVL-02,Mean,-9.375,27.797912841314783,23.5625,NA,NA,ETS,FALSE,Volatile
CVL,Control Valves,Control Valves Compact,CVL-02,ARIMA,-9.375000000000028,27.797912841314794,23.562500000000004,NA,NA,ETS,FALSE,Volatile
CVL,Control Valves,Control Valves Compact,CVL-02,Seasonal_Naive,-9.166666666666668,30.575044289965195,26,NA,NA,ETS,FALSE,Volatile
CVL,Control Valves,Control Valves Compact,CVL-02,Drift,-22.15217391304347,34.11703789504884,27.311594202898547,NA,NA,ETS,FALSE,Volatile
CVL,Control Valves,Control Valves Compact,CVL-02,Naive,-23,34.840110983367055,27.833333333333336,NA,NA,ETS,FALSE,Volatile
CVL,Control Valves,Control Valves Standard,CVL-03,Mean,-10.750000000000018,39.29208642405689,33.15277777777778,NA,NA,Mean,TRUE,Volatile
CVL,Control Valves,Control Valves Standard,CVL-03,ARIMA,-10.750000000000131,39.292086424056926,33.1527777777778,NA,NA,Mean,FALSE,Volatile
CVL,Control Valves,Control Valves Standard,CVL-03,ETS,-10.759576185633268,39.294707471235895,33.154373808716656,NA,NA,Mean,FALSE,Volatile
CVL,Control Valves,Control Valves Standard,CVL-03,Drift,-14.09420289855073,41.62934686586964,34.39855072463769,NA,NA,Mean,FALSE,Volatile
CVL,Control Valves,Control Valves Standard,CVL-03,Naive,-24.833333333333336,45.221676218380054,37.166666666666664,NA,NA,Mean,FALSE,Volatile
CVL,Control Valves,Control Valves Standard,CVL-03,Seasonal_Naive,-4.5,51.998397411202326,38.333333333333336,NA,NA,Mean,FALSE,Volatile
CVL,Control Valves,Control Valves Heavy Duty,CVL-04,ETS,3.240270074839733,31.415108982464538,25.390510543082264,NA,NA,ETS,TRUE,Volatile
CVL,Control Valves,Control Valves Heavy Duty,CVL-04,ARIMA,3.2499999999999054,31.41611405349525,25.388888888888907,NA,NA,ETS,FALSE,Volatile
CVL,Control Valves,Control Valves Heavy Duty,CVL-04,Mean,3.250000000000019,31.41611405349526,25.388888888888886,NA,NA,ETS,FALSE,Volatile
CVL,Control Valves,Control Valves Heavy Duty,CVL-04,Drift,-2.3731884057970905,33.01274075716733,26.80072463768115,NA,NA,ETS,FALSE,Volatile
CVL,Control Valves,Control Valves Heavy Duty,CVL-04,Naive,-17.916666666666664,36.019670551889654,31.583333333333332,NA,NA,ETS,FALSE,Volatile
CVL,Control Valves,Control Valves Heavy Duty,CVL-04,Seasonal_Naive,15.416666666666668,52.00560867188589,44.75,NA,NA,ETS,FALSE,Volatile
CVL,Control Valves,Control Valves Precision,CVL-05,Mean,-12.00000000000002,48.01620096962645,35.5,NA,NA,Mean,TRUE,Volatile
CVL,Control Valves,Control Valves Precision,CVL-05,ARIMA,-12.049768031550476,48.029675779421424,35.57755038353297,NA,NA,Mean,FALSE,Volatile
CVL,Control Valves,Control Valves Precision,CVL-05,Seasonal_Naive,-5.75,48.06852747207193,39.416666666666664,NA,NA,Mean,FALSE,Volatile
CVL,Control Valves,Control Valves Precision,CVL-05,Naive,-13.333333333333334,48.366655180334035,35.5,NA,NA,Mean,FALSE,Volatile
CVL,Control Valves,Control Valves Precision,CVL-05,Drift,-14.746376811594198,48.54709806918307,35.10144927536233,NA,NA,Mean,FALSE,Volatile
CVL,Control Valves,Control Valves Precision,CVL-05,ETS,-17.712693732451804,49.75233738042056,35.5,NA,NA,Mean,FALSE,Volatile
CVL,Control Valves,Control Valves High Capacity,CVL-06,ETS,-6.289645463289901,49.6367770917279,35.061489398311615,NA,NA,ETS,TRUE,Volatile
CVL,Control Valves,Control Valves High Capacity,CVL-06,Mean,-6.291666666666686,49.63703324579789,35.06250000000001,NA,NA,ETS,FALSE,Volatile
CVL,Control Valves,Control Valves High Capacity,CVL-06,ARIMA,-6.291666666666799,49.6370332457979,35.062500000000064,NA,NA,ETS,FALSE,Volatile
CVL,Control Valves,Control Valves High Capacity,CVL-06,Naive,8.5,49.96498774141749,33.833333333333336,NA,NA,ETS,FALSE,Volatile
CVL,Control Valves,Control Valves High Capacity,CVL-06,Drift,18.67391304347827,54.48720388791877,38.550724637681164,NA,NA,ETS,FALSE,Volatile
CVL,Control Valves,Control Valves High Capacity,CVL-06,Seasonal_Naive,-4.5,66.01136265825755,51.33333333333333,NA,NA,ETS,FALSE,Volatile
CVL,Control Valves,Control Valves Service Kit,CVL-07,ETS,-11.227269871589783,74.27699793410368,50.91666666666667,NA,NA,ETS,TRUE,Volatile
CVL,Control Valves,Control Valves Service Kit,CVL-07,ARIMA,-11.25,74.28043708361801,50.91666666666667,NA,NA,ETS,FALSE,Volatile
CVL,Control Valves,Control Valves Service Kit,CVL-07,Mean,-11.25,74.28043708361801,50.91666666666667,NA,NA,ETS,FALSE,Volatile
CVL,Control Valves,Control Valves Service Kit,CVL-07,Seasonal_Naive,-9.75,75.17147065210311,62.91666666666667,NA,NA,ETS,FALSE,Volatile
CVL,Control Valves,Control Valves Service Kit,CVL-07,Naive,34.75,81.23166459782377,70.08333333333333,NA,NA,ETS,FALSE,Volatile
CVL,Control Valves,Control Valves Service Kit,CVL-07,Drift,43.510869565217405,86.89164699544106,77.04710144927537,NA,NA,ETS,FALSE,Volatile
CVL,Control Valves,Control Valves Premium,CVL-08,Mean,-2.0416666666666288,78.66438247036866,71,NA,NA,Mean,TRUE,Volatile
CVL,Control Valves,Control Valves Premium,CVL-08,ARIMA,-1.4418004334220513,79.76676332883532,72.14271307959991,NA,NA,Mean,FALSE,Volatile
CVL,Control Valves,Control Valves Premium,CVL-08,ETS,18.87886358721323,80.87229536133665,71,NA,NA,Mean,FALSE,Volatile
CVL,Control Valves,Control Valves Premium,CVL-08,Naive,-23.5,82.07415346299142,71.16666666666667,NA,NA,Mean,FALSE,Volatile
CVL,Control Valves,Control Valves Premium,CVL-08,Drift,-55.434782608695684,94.79086521677301,75.83333333333336,NA,NA,Mean,FALSE,Volatile
CVL,Control Valves,Control Valves Premium,CVL-08,Seasonal_Naive,-7.333333333333333,111.63780721601441,101,NA,NA,Mean,FALSE,Volatile
DRV,Electric Drives,Electric Drives Core,DRV-01,Drift,12.260869565217394,27.78832356001334,22.166666666666664,NA,NA,Drift,TRUE,Trending
DRV,Electric Drives,Electric Drives Core,DRV-01,Naive,16.5,28.8704000665041,22.666666666666664,NA,NA,Drift,FALSE,Trending
DRV,Electric Drives,Electric Drives Core,DRV-01,Seasonal_Naive,13.333333333333332,29.294481846700528,22,NA,NA,Drift,FALSE,Trending
DRV,Electric Drives,Electric Drives Core,DRV-01,ARIMA,19.0416666666666,30.394655277605008,23.513888888888864,NA,NA,Drift,FALSE,Trending
DRV,Electric Drives,Electric Drives Core,DRV-01,Mean,19.041666666666657,30.394655277605043,23.513888888888886,NA,NA,Drift,FALSE,Trending
DRV,Electric Drives,Electric Drives Core,DRV-01,ETS,19.09887914217441,30.43053046674318,23.532959714058137,NA,NA,Drift,FALSE,Trending
DRV,Electric Drives,Electric Drives Compact,DRV-02,Drift,12.927536231884059,33.66709870142725,31.52173913043478,NA,NA,Drift,TRUE,Trending
DRV,Electric Drives,Electric Drives Compact,DRV-02,Naive,17.166666666666664,34.96426747409418,32.5,NA,NA,Drift,FALSE,Trending
DRV,Electric Drives,Electric Drives Compact,DRV-02,Seasonal_Naive,23.416666666666664,38.84477656862846,35.416666666666664,NA,NA,Drift,FALSE,Trending
DRV,Electric Drives,Electric Drives Compact,DRV-02,ETS,27.956548987892695,41.34457868775542,36.096627440408675,NA,NA,Drift,FALSE,Trending
DRV,Electric Drives,Electric Drives Compact,DRV-02,ARIMA,27.958333333333265,41.34578525476726,36.0972222222222,NA,NA,Drift,FALSE,Trending
DRV,Electric Drives,Electric Drives Compact,DRV-02,Mean,27.95833333333332,41.3457852547673,36.09722222222222,NA,NA,Drift,FALSE,Trending
DRV,Electric Drives,Electric Drives Standard,DRV-03,Mean,3.8750000000000084,25.371989421845154,20.666666666666668,NA,NA,Mean,TRUE,Trending
DRV,Electric Drives,Electric Drives Standard,DRV-03,ARIMA,-0.9686701664535714,25.91106795851204,20.973814196536818,NA,NA,Mean,FALSE,Trending
DRV,Electric Drives,Electric Drives Standard,DRV-03,Naive,-26.333333333333336,36.3616097920137,30.333333333333336,NA,NA,Mean,FALSE,Trending
DRV,Electric Drives,Electric Drives Standard,DRV-03,ETS,-28.010626898738895,37.59411445269827,31.731077971171302,NA,NA,Mean,FALSE,Trending
DRV,Electric Drives,Electric Drives Standard,DRV-03,Seasonal_Naive,-5.583333333333333,40.34951466044336,33.083333333333336,NA,NA,Mean,FALSE,Trending
DRV,Electric Drives,Electric Drives Standard,DRV-03,Drift,-34.2463768115942,41.408994058174045,36.014492753623195,NA,NA,Mean,FALSE,Trending
DRV,Electric Drives,Electric Drives Heavy Duty,DRV-04,Seasonal_Naive,17.166666666666664,33.39910178432947,27.5,NA,NA,Seasonal_Naive,TRUE,Trending
DRV,Electric Drives,Electric Drives Heavy Duty,DRV-04,ARIMA,8.19992805338999,41.10677692053572,30.741917958562702,NA,NA,Seasonal_Naive,FALSE,Trending
DRV,Electric Drives,Electric Drives Heavy Duty,DRV-04,Mean,23.5,42.98158520420887,29.083333333333336,NA,NA,Seasonal_Naive,FALSE,Trending
DRV,Electric Drives,Electric Drives Heavy Duty,DRV-04,ETS,-38.61408940411178,52.784605399447706,46.742726269407854,NA,NA,Seasonal_Naive,FALSE,Trending
DRV,Electric Drives,Electric Drives Heavy Duty,DRV-04,Naive,-44,56.84335200062244,51,NA,NA,Seasonal_Naive,FALSE,Trending
DRV,Electric Drives,Electric Drives Heavy Duty,DRV-04,Drift,-68.58695652173914,75.05139595828118,68.58695652173914,NA,NA,Seasonal_Naive,FALSE,Trending
DRV,Electric Drives,Electric Drives Precision,DRV-05,Seasonal_Naive,34.75,52.175185672884766,42.75,NA,NA,Seasonal_Naive,TRUE,Trending
DRV,Electric Drives,Electric Drives Precision,DRV-05,Naive,-32.16666666666667,56.44023387619863,46.83333333333333,NA,NA,Seasonal_Naive,FALSE,Trending
DRV,Electric Drives,Electric Drives Precision,DRV-05,ETS,-32.391222464791596,56.5685146377309,46.90818526604164,NA,NA,Seasonal_Naive,FALSE,Trending
DRV,Electric Drives,Electric Drives Precision,DRV-05,ARIMA,34.644513709774785,60.45708073953715,48.7474146686648,NA,NA,Seasonal_Naive,FALSE,Trending
DRV,Electric Drives,Electric Drives Precision,DRV-05,Drift,-48.2753623188406,64.26748803947135,51.08695652173915,NA,NA,Seasonal_Naive,FALSE,Trending
DRV,Electric Drives,Electric Drives Precision,DRV-05,Mean,47.625000000000014,66.47515461099401,56.89583333333334,NA,NA,Seasonal_Naive,FALSE,Trending
DRV,Electric Drives,Electric Drives High Capacity,DRV-06,Seasonal_Naive,31.333333333333332,59.32677866416368,46,NA,NA,Seasonal_Naive,TRUE,Trending
DRV,Electric Drives,Electric Drives High Capacity,DRV-06,Mean,36.833333333333314,65.37110940197087,50.013888888888886,NA,NA,Seasonal_Naive,FALSE,Trending
DRV,Electric Drives,Electric Drives High Capacity,DRV-06,ARIMA,44.071819993252134,69.00865647105418,52.38715665402686,NA,NA,Seasonal_Naive,FALSE,Trending
DRV,Electric Drives,Electric Drives High Capacity,DRV-06,Drift,48.25,70.95714669197646,52.58333333333333,NA,NA,Seasonal_Naive,FALSE,Trending
DRV,Electric Drives,Electric Drives High Capacity,DRV-06,ETS,47.72991003826735,72.07518166651468,54.323288352467,NA,NA,Seasonal_Naive,FALSE,Trending
DRV,Electric Drives,Electric Drives High Capacity,DRV-06,Naive,61.25,81.6593534140456,62.91666666666667,NA,NA,Seasonal_Naive,FALSE,Trending
DRV,Electric Drives,Electric Drives Service Kit,DRV-07,ETS,52.161881007845906,85.46698126079,75.24680956078616,NA,NA,ETS,TRUE,Trending
DRV,Electric Drives,Electric Drives Service Kit,DRV-07,Mean,55.91666666666667,87.80897828050766,77.75,NA,NA,ETS,FALSE,Trending
DRV,Electric Drives,Electric Drives Service Kit,DRV-07,Drift,62.155797101449295,88.86738400993217,77.44565217391306,NA,NA,ETS,FALSE,Trending
DRV,Electric Drives,Electric Drives Service Kit,DRV-07,ARIMA,61.45584120903879,90.47962699377287,80.87155791309847,NA,NA,ETS,FALSE,Trending
DRV,Electric Drives,Electric Drives Service Kit,DRV-07,Seasonal_Naive,35.91666666666667,95.65868143212792,78.58333333333333,NA,NA,ETS,FALSE,Trending
DRV,Electric Drives,Electric Drives Service Kit,DRV-07,Naive,83.91666666666666,107.82277124986169,96.41666666666667,NA,NA,ETS,FALSE,Trending
DRV,Electric Drives,Electric Drives Premium,DRV-08,Seasonal_Naive,57.41666666666667,91.64469433633352,75.91666666666667,NA,NA,Seasonal_Naive,TRUE,Trending
DRV,Electric Drives,Electric Drives Premium,DRV-08,Mean,74.79166666666664,117.32023038817019,95.35416666666666,NA,NA,Seasonal_Naive,FALSE,Trending
DRV,Electric Drives,Electric Drives Premium,DRV-08,ARIMA,91.32264003631714,124.4461109090363,98.49833091741182,NA,NA,Seasonal_Naive,FALSE,Trending
DRV,Electric Drives,Electric Drives Premium,DRV-08,Drift,129.06159420289856,157.1157814402097,131.17753623188406,NA,NA,Seasonal_Naive,FALSE,Trending
DRV,Electric Drives,Electric Drives Premium,DRV-08,ETS,133.58293177846386,161.29055371622135,135.58299870427544,NA,NA,Seasonal_Naive,FALSE,Trending
DRV,Electric Drives,Electric Drives Premium,DRV-08,Naive,133.58333333333334,161.2908862893375,135.58333333333334,NA,NA,Seasonal_Naive,FALSE,Trending
FST,Fastening Kits,Fastening Kits Core,FST-01,Seasonal_Naive,48,116.11990928920558,81.83333333333334,NA,NA,Seasonal_Naive,TRUE,Stable
FST,Fastening Kits,Fastening Kits Core,FST-01,Naive,28.41666666666667,125.08896833853895,97.91666666666667,NA,NA,Seasonal_Naive,FALSE,Stable
FST,Fastening Kits,Fastening Kits Core,FST-01,Drift,19.373188405797123,126.22495633995909,101.6268115942029,NA,NA,Seasonal_Naive,FALSE,Stable
FST,Fastening Kits,Fastening Kits Core,FST-01,ETS,48.15193920972813,130.98989390488455,97.91666666666666,NA,NA,Seasonal_Naive,FALSE,Stable
FST,Fastening Kits,Fastening Kits Core,FST-01,ARIMA,48.166666666666444,130.99530844016252,97.91666666666666,NA,NA,Seasonal_Naive,FALSE,Stable
FST,Fastening Kits,Fastening Kits Core,FST-01,Mean,48.16666666666667,130.9953084401626,97.91666666666666,NA,NA,Seasonal_Naive,FALSE,Stable
FST,Fastening Kits,Fastening Kits Compact,FST-02,ARIMA,74.45833333333272,167.54587369334578,144.2638888888887,NA,NA,ARIMA,TRUE,Stable
FST,Fastening Kits,Fastening Kits Compact,FST-02,Mean,74.4583333333334,167.5458736933461,144.26388888888891,NA,NA,ARIMA,FALSE,Stable
FST,Fastening Kits,Fastening Kits Compact,FST-02,ETS,74.48878076724705,167.5594069250661,144.2740380335268,NA,NA,ARIMA,FALSE,Stable
FST,Fastening Kits,Fastening Kits Compact,FST-02,Naive,96.91666666666666,178.66285754646,153.08333333333334,NA,NA,ARIMA,FALSE,Stable
FST,Fastening Kits,Fastening Kits Compact,FST-02,Drift,106.52536231884062,182.63669255705156,156.7789855072464,NA,NA,ARIMA,FALSE,Stable
FST,Fastening Kits,Fastening Kits Compact,FST-02,Seasonal_Naive,42.33333333333333,211.24156787905167,175.83333333333334,NA,NA,ARIMA,FALSE,Stable
FST,Fastening Kits,Fastening Kits Standard,FST-03,ETS,17.08136414083795,142.8122143111977,118.33333333333333,NA,NA,ETS,TRUE,Stable
FST,Fastening Kits,Fastening Kits Standard,FST-03,ARIMA,17.208333333333105,142.82745636489736,118.33333333333333,NA,NA,ETS,FALSE,Stable
FST,Fastening Kits,Fastening Kits Standard,FST-03,Mean,17.208333333333332,142.8274563648974,118.33333333333333,NA,NA,ETS,FALSE,Stable
FST,Fastening Kits,Fastening Kits Standard,FST-03,Seasonal_Naive,6.583333333333331,145.9985730523875,127.41666666666667,NA,NA,ETS,FALSE,Stable
FST,Fastening Kits,Fastening Kits Standard,FST-03,Naive,-75.66666666666666,160.71403174583108,136,NA,NA,ETS,FALSE,Stable
FST,Fastening Kits,Fastening Kits Standard,FST-03,Drift,-100.81884057971016,174.120901148487,150.83333333333334,NA,NA,ETS,FALSE,Stable
FST,Fastening Kits,Fastening Kits Heavy Duty,FST-04,Naive,172.66666666666669,228.02741063302017,187,NA,NA,Naive,TRUE,Stable
FST,Fastening Kits,Fastening Kits Heavy Duty,FST-04,ETS,174.05200663382647,229.07820331817646,187.92355997810654,NA,NA,Naive,FALSE,Stable
FST,Fastening Kits,Fastening Kits Heavy Duty,FST-04,ARIMA,174.08333333333275,229.1020060293372,187.94444444444406,NA,NA,Naive,FALSE,Stable
FST,Fastening Kits,Fastening Kits Heavy Duty,FST-04,Mean,174.08333333333343,229.1020060293377,187.9444444444445,NA,NA,Naive,FALSE,Stable
FST,Fastening Kits,Fastening Kits Heavy Duty,FST-04,Drift,203.18840579710144,258.5001106060979,214.39130434782606,NA,NA,Naive,FALSE,Stable
FST,Fastening Kits,Fastening Kits Heavy Duty,FST-04,Seasonal_Naive,195.41666666666669,304.5528142484759,270.25,NA,NA,Naive,FALSE,Stable
FST,Fastening Kits,Fastening Kits Precision,FST-05,Seasonal_Naive,67.5,159.77849250342382,132.16666666666666,NA,NA,Seasonal_Naive,TRUE,Stable
FST,Fastening Kits,Fastening Kits Precision,FST-05,ETS,37.06376479055052,165.97330908045402,157.26062746509174,NA,NA,Seasonal_Naive,FALSE,Stable
FST,Fastening Kits,Fastening Kits Precision,FST-05,ARIMA,37.08333333333303,165.9776800590301,157.26388888888883,NA,NA,Seasonal_Naive,FALSE,Stable
FST,Fastening Kits,Fastening Kits Precision,FST-05,Mean,37.083333333333485,165.97768005903018,157.26388888888891,NA,NA,Seasonal_Naive,FALSE,Stable
FST,Fastening Kits,Fastening Kits Precision,FST-05,Naive,-157.5,225.78677256798431,168.66666666666669,NA,NA,Seasonal_Naive,FALSE,Stable
FST,Fastening Kits,Fastening Kits Precision,FST-05,Drift,-300.7826086956521,326.1017349308182,300.7826086956521,NA,NA,Seasonal_Naive,FALSE,Stable
FST,Fastening Kits,Fastening Kits High Capacity,FST-06,Mean,-20.541666666666675,198.64440328973112,175.33333333333334,NA,NA,Mean,TRUE,Stable
FST,Fastening Kits,Fastening Kits High Capacity,FST-06,ARIMA,-33.973238273894296,211.99137381290618,192.6336866157247,NA,NA,Mean,FALSE,Stable
FST,Fastening Kits,Fastening Kits High Capacity,FST-06,Seasonal_Naive,8.333333333333334,233.16553490313845,143.33333333333331,NA,NA,Mean,FALSE,Stable
FST,Fastening Kits,Fastening Kits High Capacity,FST-06,ETS,-194.66736031766658,277.3680227818937,220.91701349216663,NA,NA,Mean,FALSE,Stable
FST,Fastening Kits,Fastening Kits High Capacity,FST-06,Naive,-231.16666666666669,304.09812013010975,242.83333333333331,NA,NA,Mean,FALSE,Stable
FST,Fastening Kits,Fastening Kits High Capacity,FST-06,Drift,-384.6231884057972,414.8389731703082,384.6231884057972,NA,NA,Mean,FALSE,Stable
FST,Fastening Kits,Fastening Kits Service Kit,FST-07,ARIMA,152.75640144551863,341.842450901201,293.919867389426,NA,NA,ARIMA,TRUE,Stable
FST,Fastening Kits,Fastening Kits Service Kit,FST-07,ETS,156.40979599050416,343.4905636802075,295.74656466191874,NA,NA,ARIMA,FALSE,Stable
FST,Fastening Kits,Fastening Kits Service Kit,FST-07,Seasonal_Naive,185.41666666666669,349.198964297815,271.0833333333333,NA,NA,ARIMA,FALSE,Stable
FST,Fastening Kits,Fastening Kits Service Kit,FST-07,Mean,295.79166666666686,425.457933437608,366.55555555555566,NA,NA,ARIMA,FALSE,Stable
FST,Fastening Kits,Fastening Kits Service Kit,FST-07,Drift,432.84420289855063,529.7549464092964,458.36594202898544,NA,NA,ARIMA,FALSE,Stable
FST,Fastening Kits,Fastening Kits Service Kit,FST-07,Naive,450.08333333333337,544.1477281033157,469.4166666666667,NA,NA,ARIMA,FALSE,Stable
FST,Fastening Kits,Fastening Kits Premium,FST-08,Seasonal_Naive,54.5,263.82601590189444,216.83333333333331,NA,NA,Seasonal_Naive,TRUE,Stable
FST,Fastening Kits,Fastening Kits Premium,FST-08,ETS,127.90946209904664,268.8346583869405,209.02537625523775,NA,NA,Seasonal_Naive,FALSE,Stable
FST,Fastening Kits,Fastening Kits Premium,FST-08,ARIMA,127.91666666666455,268.8380863394659,209.0277777777771,NA,NA,Seasonal_Naive,FALSE,Stable
FST,Fastening Kits,Fastening Kits Premium,FST-08,Mean,127.91666666666683,268.838086339467,209.02777777777783,NA,NA,Seasonal_Naive,FALSE,Stable
FST,Fastening Kits,Fastening Kits Premium,FST-08,Drift,193.80072463768118,309.51689366966497,244.96014492753625,NA,NA,Seasonal_Naive,FALSE,Stable
FST,Fastening Kits,Fastening Kits Premium,FST-08,Naive,246.08333333333331,341.27444967357286,267.75,NA,NA,Seasonal_Naive,FALSE,Stable
GBX,Gearbox Components,Gearbox Components Core,GBX-01,ETS,7.602457295711702,27.850147042097525,20,NA,NA,ETS,TRUE,Trending
GBX,Gearbox Components,Gearbox Components Core,GBX-01,ARIMA,19.791666666619847,33.30980940767936,26.3611111110799,NA,NA,ETS,FALSE,Trending
GBX,Gearbox Components,Gearbox Components Core,GBX-01,Mean,19.791666666666686,33.30980940770719,26.36111111111112,NA,NA,ETS,FALSE,Trending
GBX,Gearbox Components,Gearbox Components Core,GBX-01,Naive,-24,35.969894819603425,30.666666666666664,NA,NA,ETS,FALSE,Trending
GBX,Gearbox Components,Gearbox Components Core,GBX-01,Seasonal_Naive,8.333333333333332,36.21693894666785,28.333333333333332,NA,NA,ETS,FALSE,Trending
GBX,Gearbox Components,Gearbox Components Core,GBX-01,Drift,-41.804347826086975,53.38740662258582,45.2753623188406,NA,NA,ETS,FALSE,Trending
GBX,Gearbox Components,Gearbox Components Compact,GBX-02,Seasonal_Naive,7.583333333333332,35.79222448148946,30.75,NA,NA,Seasonal_Naive,TRUE,Trending
GBX,Gearbox Components,Gearbox Components Compact,GBX-02,ETS,-7.216542027946048,36.56722319474703,29.952757004657677,NA,NA,Seasonal_Naive,FALSE,Trending
GBX,Gearbox Components,Gearbox Components Compact,GBX-02,Naive,-11.5,37.64748774265467,30.666666666666664,NA,NA,Seasonal_Naive,FALSE,Trending
GBX,Gearbox Components,Gearbox Components Compact,GBX-02,Drift,-22.804347826086953,40.817790208186445,31.572463768115945,NA,NA,Seasonal_Naive,FALSE,Trending
GBX,Gearbox Components,Gearbox Components Compact,GBX-02,ARIMA,22.59525799841653,43.10305563682076,33.32344151320306,NA,NA,Seasonal_Naive,FALSE,Trending
GBX,Gearbox Components,Gearbox Components Compact,GBX-02,Mean,28.208333333333314,45.615714428010186,38.13888888888887,NA,NA,Seasonal_Naive,FALSE,Trending
GBX,Gearbox Components,Gearbox Components Standard,GBX-03,ARIMA,14.436399987775657,55.34650204021827,49.624946550535704,NA,NA,ARIMA,TRUE,Trending
GBX,Gearbox Components,Gearbox Components Standard,GBX-03,Mean,24.45833333333335,57.56260179144095,50.59722222222223,NA,NA,ARIMA,FALSE,Trending
GBX,Gearbox Components,Gearbox Components Standard,GBX-03,Seasonal_Naive,17.583333333333336,71.80471200879973,60.416666666666664,NA,NA,ARIMA,FALSE,Trending
GBX,Gearbox Components,Gearbox Components Standard,GBX-03,ETS,-49.565523404985264,71.91650829931676,56.904793381101285,NA,NA,ARIMA,FALSE,Trending
GBX,Gearbox Components,Gearbox Components Standard,GBX-03,Naive,-95.08333333333333,108.42547363665669,95.08333333333333,NA,NA,ARIMA,FALSE,Trending
GBX,Gearbox Components,Gearbox Components Standard,GBX-03,Drift,-129.27898550724638,138.4470336551647,129.27898550724638,NA,NA,ARIMA,FALSE,Trending
GBX,Gearbox Components,Gearbox Components Heavy Duty,GBX-04,ETS,-12.197269641535721,56.01037649933464,48.921767162478176,NA,NA,ETS,TRUE,Trending
GBX,Gearbox Components,Gearbox Components Heavy Duty,GBX-04,Seasonal_Naive,56.91666666666667,77.67185247350977,62.75,NA,NA,ETS,FALSE,Trending
GBX,Gearbox Components,Gearbox Components Heavy Duty,GBX-04,Naive,-56.66666666666667,78.73690367292836,67.66666666666667,NA,NA,ETS,FALSE,Trending
GBX,Gearbox Components,Gearbox Components Heavy Duty,GBX-04,ARIMA,51.202974865069805,79.29243944844212,57.211663018602934,NA,NA,ETS,FALSE,Trending
GBX,Gearbox Components,Gearbox Components Heavy Duty,GBX-04,Mean,64.54166666666666,84.58141418184019,66.6736111111111,NA,NA,ETS,FALSE,Trending
GBX,Gearbox Components,Gearbox Components Heavy Duty,GBX-04,Drift,-77.29710144927542,90.96113547197842,83.00724637681162,NA,NA,ETS,FALSE,Trending
GBX,Gearbox Components,Gearbox Components Precision,GBX-05,Naive,-7.0833333333333375,66.38837749686813,50.416666666666664,NA,NA,Naive,TRUE,Trending
GBX,Gearbox Components,Gearbox Components Precision,GBX-05,Drift,-43.539855072463766,71.59027265806759,55.84420289855073,NA,NA,Naive,FALSE,Trending
GBX,Gearbox Components,Gearbox Components Precision,GBX-05,Seasonal_Naive,39.16666666666667,72.00810139606978,60.5,NA,NA,Naive,FALSE,Trending
GBX,Gearbox Components,Gearbox Components Precision,GBX-05,ARIMA,-37.42110396140432,76.2616038177307,61.16469685140477,NA,NA,Naive,FALSE,Trending
GBX,Gearbox Components,Gearbox Components Precision,GBX-05,ETS,-65.13102902779757,85.45446361445293,68.99996107286718,NA,NA,Naive,FALSE,Trending
GBX,Gearbox Components,Gearbox Components Precision,GBX-05,Mean,59.12499999999998,88.61720307341884,76.38888888888887,NA,NA,Naive,FALSE,Trending
GBX,Gearbox Components,Gearbox Components High Capacity,GBX-06,Drift,2.8260869565217206,75.57116060416077,61.39855072463767,NA,NA,Drift,TRUE,Trending
GBX,Gearbox Components,Gearbox Components High Capacity,GBX-06,ETS,12.564042888985455,88.17750189466094,65.81198570367151,NA,NA,Drift,FALSE,Trending
GBX,Gearbox Components,Gearbox Components High Capacity,GBX-06,Naive,45.5,98.42594508901944,68.16666666666666,NA,NA,Drift,FALSE,Trending
GBX,Gearbox Components,Gearbox Components High Capacity,GBX-06,Mean,90.66666666666663,125.84856419964076,91.94444444444443,NA,NA,Drift,FALSE,Trending
GBX,Gearbox Components,Gearbox Components High Capacity,GBX-06,ARIMA,89.46559045629256,126.69992837668019,93.72536568662532,NA,NA,Drift,FALSE,Trending
GBX,Gearbox Components,Gearbox Components High Capacity,GBX-06,Seasonal_Naive,86.25,129.25781730066979,112.75,NA,NA,Drift,FALSE,Trending
GBX,Gearbox Components,Gearbox Components Service Kit,GBX-07,Drift,9.224637681159408,79.35929041659415,66.1376811594203,NA,NA,Drift,TRUE,Trending
GBX,Gearbox Components,Gearbox Components Service Kit,GBX-07,ETS,11.287153757960311,79.78259907048587,65.70941395201397,NA,NA,Drift,FALSE,Trending
GBX,Gearbox Components,Gearbox Components Service Kit,GBX-07,Naive,38.333333333333336,90.74781907388555,70.66666666666667,NA,NA,Drift,FALSE,Trending
GBX,Gearbox Components,Gearbox Components Service Kit,GBX-07,ARIMA,84.41666666657156,117.86388689211498,98.88888888882548,NA,NA,Drift,FALSE,Trending
GBX,Gearbox Components,Gearbox Components Service Kit,GBX-07,Mean,84.41666666666671,117.86388689218313,98.88888888888891,NA,NA,Drift,FALSE,Trending
GBX,Gearbox Components,Gearbox Components Service Kit,GBX-07,Seasonal_Naive,67.75,119.87319689293905,91.25,NA,NA,Drift,FALSE,Trending
GBX,Gearbox Components,Gearbox Components Premium,GBX-08,Drift,32.65579710144935,66.9413461533806,58.373188405797144,NA,NA,Drift,TRUE,Trending
GBX,Gearbox Components,Gearbox Components Premium,GBX-08,Mean,64.70833333333329,97.94766353347414,84.57638888888886,NA,NA,Drift,FALSE,Trending
GBX,Gearbox Components,Gearbox Components Premium,GBX-08,Seasonal_Naive,18.41666666666666,100.62016033910236,84.91666666666667,NA,NA,Drift,FALSE,Trending
GBX,Gearbox Components,Gearbox Components Premium,GBX-08,ETS,72.2075328236738,103.05583042880602,90.82572179750595,NA,NA,Drift,FALSE,Trending
GBX,Gearbox Components,Gearbox Components Premium,GBX-08,ARIMA,74.16926042483038,103.77855092805156,92.10939055725112,NA,NA,Drift,FALSE,Trending
GBX,Gearbox Components,Gearbox Components Premium,GBX-08,Naive,86.91666666666666,113.84675372329829,103.08333333333333,NA,NA,Drift,FALSE,Trending
HYP,Hydraulic Pumps,Hydraulic Pumps Core,HYP-01,ARIMA,9.554678242823911,29.827990702163607,22.13211918106011,NA,NA,ARIMA,TRUE,Volatile
HYP,Hydraulic Pumps,Hydraulic Pumps Core,HYP-01,Mean,10.666666666666668,30.62814609690461,22.833333333333332,NA,NA,ARIMA,FALSE,Volatile
HYP,Hydraulic Pumps,Hydraulic Pumps Core,HYP-01,ETS,10.668634992954775,30.62883164876608,22.833989442096037,NA,NA,ARIMA,FALSE,Volatile
HYP,Hydraulic Pumps,Hydraulic Pumps Core,HYP-01,Seasonal_Naive,8.583333333333334,37.15395896357031,31.416666666666668,NA,NA,ARIMA,FALSE,Volatile
HYP,Hydraulic Pumps,Hydraulic Pumps Core,HYP-01,Naive,-24.833333333333336,37.960505792204614,31.833333333333336,NA,NA,ARIMA,FALSE,Volatile
HYP,Hydraulic Pumps,Hydraulic Pumps Core,HYP-01,Drift,-26.246376811594203,39.04347826086957,33.10144927536232,NA,NA,ARIMA,FALSE,Volatile
HYP,Hydraulic Pumps,Hydraulic Pumps Compact,HYP-02,Seasonal_Naive,-1.0833333333333333,40.688860064314085,31.75,NA,NA,Seasonal_Naive,TRUE,Volatile
HYP,Hydraulic Pumps,Hydraulic Pumps Compact,HYP-02,Mean,0.8750000000000077,44.80337056393066,37.083333333333336,NA,NA,Seasonal_Naive,FALSE,Volatile
HYP,Hydraulic Pumps,Hydraulic Pumps Compact,HYP-02,ETS,4.976070664894743,45.070363523616216,37.083333333333336,NA,NA,Seasonal_Naive,FALSE,Volatile
HYP,Hydraulic Pumps,Hydraulic Pumps Compact,HYP-02,ARIMA,1.2816879065120994,45.39974084984032,37.85416790077984,NA,NA,Seasonal_Naive,FALSE,Volatile
HYP,Hydraulic Pumps,Hydraulic Pumps Compact,HYP-02,Naive,14.416666666666668,47.057588831841635,37.916666666666664,NA,NA,Seasonal_Naive,FALSE,Volatile
HYP,Hydraulic Pumps,Hydraulic Pumps Compact,HYP-02,Drift,26.568840579710148,50.90198551927678,41.46739130434783,NA,NA,Seasonal_Naive,FALSE,Volatile
HYP,Hydraulic Pumps,Hydraulic Pumps Standard,HYP-03,Mean,-0.8333333333333428,28.36860549582545,24.88888888888889,NA,NA,Mean,TRUE,Volatile
HYP,Hydraulic Pumps,Hydraulic Pumps Standard,HYP-03,ARIMA,-16.14590475928725,29.992712148193597,26.525904955532546,NA,NA,Mean,FALSE,Volatile
HYP,Hydraulic Pumps,Hydraulic Pumps Standard,HYP-03,Seasonal_Naive,-15.5,35.35769600336915,30.333333333333336,NA,NA,Mean,FALSE,Volatile
HYP,Hydraulic Pumps,Hydraulic Pumps Standard,HYP-03,ETS,-93.54421393156537,97.74765108895355,93.54421393156537,NA,NA,Mean,FALSE,Volatile
HYP,Hydraulic Pumps,Hydraulic Pumps Standard,HYP-03,Naive,-110.5,114.08038101853155,110.5,NA,NA,Mean,FALSE,Volatile
HYP,Hydraulic Pumps,Hydraulic Pumps Standard,HYP-03,Drift,-139.32608695652175,143.10498435394877,139.32608695652175,NA,NA,Mean,FALSE,Volatile
HYP,Hydraulic Pumps,Hydraulic Pumps Heavy Duty,HYP-04,Seasonal_Naive,16.41666666666666,54.31160097069502,44.583333333333336,NA,NA,Seasonal_Naive,TRUE,Volatile
HYP,Hydraulic Pumps,Hydraulic Pumps Heavy Duty,HYP-04,ARIMA,25.249999999999908,61.855622667268904,51.81944444444442,NA,NA,Seasonal_Naive,FALSE,Volatile
HYP,Hydraulic Pumps,Hydraulic Pumps Heavy Duty,HYP-04,Mean,25.25000000000002,61.85562266726895,51.81944444444445,NA,NA,Seasonal_Naive,FALSE,Volatile
HYP,Hydraulic Pumps,Hydraulic Pumps Heavy Duty,HYP-04,ETS,25.2580029496228,61.85888997192489,51.820778269381584,NA,NA,Seasonal_Naive,FALSE,Volatile
HYP,Hydraulic Pumps,Hydraulic Pumps Heavy Duty,HYP-04,Naive,-50.66666666666667,75.86611013269803,63.83333333333333,NA,NA,Seasonal_Naive,FALSE,Volatile
HYP,Hydraulic Pumps,Hydraulic Pumps Heavy Duty,HYP-04,Drift,-62.2536231884058,81.7297712804066,69.18115942028984,NA,NA,Seasonal_Naive,FALSE,Volatile
HYP,Hydraulic Pumps,Hydraulic Pumps Precision,HYP-05,Seasonal_Naive,5.333333333333332,55.392538607048266,40.33333333333333,NA,NA,Seasonal_Naive,TRUE,Volatile
HYP,Hydraulic Pumps,Hydraulic Pumps Precision,HYP-05,Mean,16.333333333333332,63.96369412930015,45.70833333333333,NA,NA,Seasonal_Naive,FALSE,Volatile
HYP,Hydraulic Pumps,Hydraulic Pumps Precision,HYP-05,ARIMA,10.758337909412395,66.06271852486492,48.262265170878706,NA,NA,Seasonal_Naive,FALSE,Volatile
HYP,Hydraulic Pumps,Hydraulic Pumps Precision,HYP-05,ETS,-23.461286408139113,66.14384588768348,49.43897653740289,NA,NA,Seasonal_Naive,FALSE,Volatile
HYP,Hydraulic Pumps,Hydraulic Pumps Precision,HYP-05,Naive,-35.41666666666667,71.26651855301104,57.58333333333333,NA,NA,Seasonal_Naive,FALSE,Volatile
HYP,Hydraulic Pumps,Hydraulic Pumps Precision,HYP-05,Drift,-44.46014492753629,73.88828549546511,64.3079710144928,NA,NA,Seasonal_Naive,FALSE,Volatile
HYP,Hydraulic Pumps,Hydraulic Pumps High Capacity,HYP-06,Mean,15.666666666666652,58.007363038382174,42.8888888888889,NA,NA,Mean,TRUE,Volatile
HYP,Hydraulic Pumps,Hydraulic Pumps High Capacity,HYP-06,ARIMA,21.587862439769587,58.759437244264,43.55042298936475,NA,NA,Mean,FALSE,Volatile
HYP,Hydraulic Pumps,Hydraulic Pumps High Capacity,HYP-06,Seasonal_Naive,30.333333333333336,78.92506995034383,64.66666666666667,NA,NA,Mean,FALSE,Volatile
HYP,Hydraulic Pumps,Hydraulic Pumps High Capacity,HYP-06,ETS,55.79171412886076,78.94380968548923,61.722253863684955,NA,NA,Mean,FALSE,Volatile
HYP,Hydraulic Pumps,Hydraulic Pumps High Capacity,HYP-06,Naive,102.58333333333334,116.80218319877416,102.58333333333334,NA,NA,Mean,FALSE,Volatile
HYP,Hydraulic Pumps,Hydraulic Pumps High Capacity,HYP-06,Drift,122.36594202898551,136.92425258214698,122.36594202898551,NA,NA,Mean,FALSE,Volatile
HYP,Hydraulic Pumps,Hydraulic Pumps Service Kit,HYP-07,Drift,-10.572463768115968,99.1815181118521,90.42753623188406,NA,NA,Drift,TRUE,Volatile
HYP,Hydraulic Pumps,Hydraulic Pumps Service Kit,HYP-07,ETS,-0.045370411576494504,101.26725835150177,89.83333333333333,NA,NA,Drift,FALSE,Volatile
HYP,Hydraulic Pumps,Hydraulic Pumps Service Kit,HYP-07,Naive,19.666666666666664,103.15926198521068,89.83333333333333,NA,NA,Drift,FALSE,Volatile
HYP,Hydraulic Pumps,Hydraulic Pumps Service Kit,HYP-07,ARIMA,35.08333333333324,107.17227175595993,92.06944444444443,NA,NA,Drift,FALSE,Volatile
HYP,Hydraulic Pumps,Hydraulic Pumps Service Kit,HYP-07,Mean,35.08333333333336,107.17227175595997,92.06944444444444,NA,NA,Drift,FALSE,Volatile
HYP,Hydraulic Pumps,Hydraulic Pumps Service Kit,HYP-07,Seasonal_Naive,18.666666666666668,119.46338351143416,97.5,NA,NA,Drift,FALSE,Volatile
HYP,Hydraulic Pumps,Hydraulic Pumps Premium,HYP-08,ARIMA,21.693586062732813,80.14496445497716,67.97927716435613,NA,NA,ARIMA,TRUE,Volatile
HYP,Hydraulic Pumps,Hydraulic Pumps Premium,HYP-08,Mean,9.416666666666629,87.34144364376958,72.02777777777777,NA,NA,ARIMA,FALSE,Volatile
HYP,Hydraulic Pumps,Hydraulic Pumps Premium,HYP-08,Seasonal_Naive,-17.41666666666667,124.98966623952025,95.91666666666667,NA,NA,ARIMA,FALSE,Volatile
HYP,Hydraulic Pumps,Hydraulic Pumps Premium,HYP-08,ETS,90.30404528062995,125.2783890410183,108.37837106719164,NA,NA,ARIMA,FALSE,Volatile
HYP,Hydraulic Pumps,Hydraulic Pumps Premium,HYP-08,Naive,143.75,167.9402175378687,152.91666666666666,NA,NA,ARIMA,FALSE,Volatile
HYP,Hydraulic Pumps,Hydraulic Pumps Premium,HYP-08,Drift,162.40217391304347,186.09555504650166,171.09057971014494,NA,NA,ARIMA,FALSE,Volatile
PCK,Packaging Equipment,Packaging Equipment Core,PCK-01,Drift,-3.902173913043491,32.660492678136016,26.423913043478265,NA,NA,Drift,TRUE,Intermittent
PCK,Packaging Equipment,Packaging Equipment Core,PCK-01,Naive,14.75,33.15745265647931,28.25,NA,NA,Drift,FALSE,Intermittent
PCK,Packaging Equipment,Packaging Equipment Core,PCK-01,ETS,20.912252795497125,36.32046921020493,32.191501863664755,NA,NA,Drift,FALSE,Intermittent
PCK,Packaging Equipment,Packaging Equipment Core,PCK-01,Mean,20.91666666666667,36.32301076605726,32.19444444444445,NA,NA,Drift,FALSE,Intermittent
PCK,Packaging Equipment,Packaging Equipment Core,PCK-01,ARIMA,21.55553176911548,36.66153169527687,32.43310970732601,NA,NA,Drift,FALSE,Intermittent
PCK,Packaging Equipment,Packaging Equipment Core,PCK-01,Seasonal_Naive,17.666666666666664,42.799922118309205,32.5,NA,NA,Drift,FALSE,Intermittent
PCK,Packaging Equipment,Packaging Equipment Compact,PCK-02,ARIMA,-15.337424228594802,33.690884200661536,25.551389568366837,NA,NA,ARIMA,TRUE,Intermittent
PCK,Packaging Equipment,Packaging Equipment Compact,PCK-02,ETS,-11.5680654987123,36.12575451644572,27.8560218329041,NA,NA,ARIMA,FALSE,Intermittent
PCK,Packaging Equipment,Packaging Equipment Compact,PCK-02,Mean,-11.583333333333329,36.130646425314765,27.86111111111111,NA,NA,ARIMA,FALSE,Intermittent
PCK,Packaging Equipment,Packaging Equipment Compact,PCK-02,Seasonal_Naive,-18.583333333333336,60.99248587599404,42.08333333333333,NA,NA,ARIMA,FALSE,Intermittent
PCK,Packaging Equipment,Packaging Equipment Compact,PCK-02,Naive,-85.5,92.09505958519165,85.5,NA,NA,ARIMA,FALSE,Intermittent
PCK,Packaging Equipment,Packaging Equipment Compact,PCK-02,Drift,-107.82608695652172,115.32606715021205,107.82608695652172,NA,NA,ARIMA,FALSE,Intermittent
PCK,Packaging Equipment,Packaging Equipment Standard,PCK-03,ETS,-10.497172060314188,41.1733673242716,31.666666666666664,NA,NA,ETS,TRUE,Intermittent
PCK,Packaging Equipment,Packaging Equipment Standard,PCK-03,Mean,-10.49999999999999,41.17408839981227,31.666666666666664,NA,NA,ETS,FALSE,Intermittent
PCK,Packaging Equipment,Packaging Equipment Standard,PCK-03,ARIMA,-12.946421429067945,41.28578209045653,30.91653914886697,NA,NA,ETS,FALSE,Intermittent
PCK,Packaging Equipment,Packaging Equipment Standard,PCK-03,Seasonal_Naive,-14.25,61.36299101793089,41.75,NA,NA,ETS,FALSE,Intermittent
PCK,Packaging Equipment,Packaging Equipment Standard,PCK-03,Naive,-48.33333333333333,62.61921962677806,48.33333333333333,NA,NA,ETS,FALSE,Intermittent
PCK,Packaging Equipment,Packaging Equipment Standard,PCK-03,Drift,-55.39855072463765,68.44428188495601,55.39855072463765,NA,NA,ETS,FALSE,Intermittent
PCK,Packaging Equipment,Packaging Equipment Heavy Duty,PCK-04,ETS,1.2873769530228647,43.60505010861391,32.583333333333336,NA,NA,ETS,TRUE,Intermittent
PCK,Packaging Equipment,Packaging Equipment Heavy Duty,PCK-04,ARIMA,1.2916666666666647,43.60517696711405,32.583333333333336,NA,NA,ETS,FALSE,Intermittent
PCK,Packaging Equipment,Packaging Equipment Heavy Duty,PCK-04,Mean,1.2916666666666647,43.60517696711405,32.583333333333336,NA,NA,ETS,FALSE,Intermittent
PCK,Packaging Equipment,Packaging Equipment Heavy Duty,PCK-04,Naive,-34.58333333333333,55.639464411512805,40.75,NA,NA,ETS,FALSE,Intermittent
PCK,Packaging Equipment,Packaging Equipment Heavy Duty,PCK-04,Drift,-45.03985507246379,61.5770440720222,48.25724637681161,NA,NA,ETS,FALSE,Intermittent
PCK,Packaging Equipment,Packaging Equipment Heavy Duty,PCK-04,Seasonal_Naive,-0.16666666666666735,62.38990302925627,48.16666666666667,NA,NA,ETS,FALSE,Intermittent
PCK,Packaging Equipment,Packaging Equipment Precision,PCK-05,Mean,11.708333333333334,58.27641568421998,42.0625,NA,NA,Mean,TRUE,Intermittent
PCK,Packaging Equipment,Packaging Equipment Precision,PCK-05,ARIMA,11.708333333539619,58.27641568426142,42.062500000034376,NA,NA,Mean,FALSE,Intermittent
PCK,Packaging Equipment,Packaging Equipment Precision,PCK-05,ETS,11.715128585991996,58.27778130078291,42.06363254210977,NA,NA,Mean,FALSE,Intermittent
PCK,Packaging Equipment,Packaging Equipment Precision,PCK-05,Seasonal_Naive,9.416666666666671,80.6313627980246,64.75,NA,NA,Mean,FALSE,Intermittent
PCK,Packaging Equipment,Packaging Equipment Precision,PCK-05,Naive,113.33333333333333,126.89956658712433,113.33333333333333,NA,NA,Mean,FALSE,Intermittent
PCK,Packaging Equipment,Packaging Equipment Precision,PCK-05,Drift,151.4855072463768,165.27831542611548,151.4855072463768,NA,NA,Mean,FALSE,Intermittent
PCK,Packaging Equipment,Packaging Equipment High Capacity,PCK-06,Mean,-6.791666666666675,48.836835056474875,39.75,NA,NA,Mean,TRUE,Intermittent
PCK,Packaging Equipment,Packaging Equipment High Capacity,PCK-06,ARIMA,-6.7916666668739545,48.8368350565037,39.75,NA,NA,Mean,FALSE,Intermittent
PCK,Packaging Equipment,Packaging Equipment High Capacity,PCK-06,ETS,-6.812667951555472,48.83976010219925,39.75,NA,NA,Mean,FALSE,Intermittent
PCK,Packaging Equipment,Packaging Equipment High Capacity,PCK-06,Seasonal_Naive,-5.75,83.94690782472773,62.08333333333333,NA,NA,Mean,FALSE,Intermittent
PCK,Packaging Equipment,Packaging Equipment High Capacity,PCK-06,Naive,-69.08333333333333,84.32921597327149,69.08333333333333,NA,NA,Mean,FALSE,Intermittent
PCK,Packaging Equipment,Packaging Equipment High Capacity,PCK-06,Drift,-104.40942028985508,113.0173625072862,104.40942028985508,NA,NA,Mean,FALSE,Intermittent
PCK,Packaging Equipment,Packaging Equipment Service Kit,PCK-07,Naive,-5.166666666666665,73.54250471666029,61.66666666666667,NA,NA,Naive,TRUE,Intermittent
PCK,Packaging Equipment,Packaging Equipment Service Kit,PCK-07,ARIMA,17.416666666666508,75.39990605652854,54.236111111111136,NA,NA,Naive,FALSE,Intermittent
PCK,Packaging Equipment,Packaging Equipment Service Kit,PCK-07,Mean,17.41666666666665,75.39990605652856,54.236111111111114,NA,NA,Naive,FALSE,Intermittent
PCK,Packaging Equipment,Packaging Equipment Service Kit,PCK-07,ETS,17.42588373208575,75.40203564493287,54.23457493354126,NA,NA,Naive,FALSE,Intermittent
PCK,Packaging Equipment,Packaging Equipment Service Kit,PCK-07,Drift,-20.427536231884055,76.55372972606654,67.92753623188405,NA,NA,Naive,FALSE,Intermittent
PCK,Packaging Equipment,Packaging Equipment Service Kit,PCK-07,Seasonal_Naive,0,104.15133220463385,88.5,NA,NA,Naive,FALSE,Intermittent
PCK,Packaging Equipment,Packaging Equipment Premium,PCK-08,Drift,-13.322463768116013,81.67321096935096,63.31521739130434,NA,NA,Drift,TRUE,Intermittent
PCK,Packaging Equipment,Packaging Equipment Premium,PCK-08,ETS,5.5752749058712325,83.84704375129509,64.10976803986743,NA,NA,Drift,FALSE,Intermittent
PCK,Packaging Equipment,Packaging Equipment Premium,PCK-08,Mean,5.58333333333335,83.84757996905257,64.11111111111111,NA,NA,Drift,FALSE,Intermittent
PCK,Packaging Equipment,Packaging Equipment Premium,PCK-08,ARIMA,10.27429525468573,84.13615251446515,65.45311691379167,NA,NA,Drift,FALSE,Intermittent
PCK,Packaging Equipment,Packaging Equipment Premium,PCK-08,Naive,23.416666666666664,86.87682851792722,70.75,NA,NA,Drift,FALSE,Intermittent
PCK,Packaging Equipment,Packaging Equipment Premium,PCK-08,Seasonal_Naive,-28.666666666666664,149.89273942834367,102.33333333333334,NA,NA,Drift,FALSE,Intermittent
SEA,Sealing Systems,Sealing Systems Core,SEA-01,Naive,9.416666666666668,41.48393263260689,32.25,NA,NA,Naive,TRUE,Stable
SEA,Sealing Systems,Sealing Systems Core,SEA-01,Drift,-7.822463768115977,46.4502108251005,39.64855072463771,NA,NA,Naive,FALSE,Stable
SEA,Sealing Systems,Sealing Systems Core,SEA-01,ARIMA,32.49999999999993,51.85068037697818,40.97222222222217,NA,NA,Naive,FALSE,Stable
SEA,Sealing Systems,Sealing Systems Core,SEA-01,Mean,32.50000000000004,51.850680376978254,40.97222222222224,NA,NA,Naive,FALSE,Stable
SEA,Sealing Systems,Sealing Systems Core,SEA-01,ETS,37.345522465687665,55.01755268812615,44.20257053268067,NA,NA,Naive,FALSE,Stable
SEA,Sealing Systems,Sealing Systems Core,SEA-01,Seasonal_Naive,15.83333333333333,63.63961030678928,53,NA,NA,Naive,FALSE,Stable
SEA,Sealing Systems,Sealing Systems Compact,SEA-02,Seasonal_Naive,-7.333333333333333,65.76853350957431,50.166666666666664,NA,NA,Seasonal_Naive,TRUE,Stable
SEA,Sealing Systems,Sealing Systems Compact,SEA-02,ETS,-10.784476154629942,67.14406719333522,39.75,NA,NA,Seasonal_Naive,FALSE,Stable
SEA,Sealing Systems,Sealing Systems Compact,SEA-02,ARIMA,19.833333333333144,69.1764551306616,52.638888888888765,NA,NA,Seasonal_Naive,FALSE,Stable
SEA,Sealing Systems,Sealing Systems Compact,SEA-02,Mean,19.83333333333337,69.17645513066165,52.638888888888914,NA,NA,Seasonal_Naive,FALSE,Stable
SEA,Sealing Systems,Sealing Systems Compact,SEA-02,Naive,-102.75,122.26848871779406,102.75,NA,NA,Seasonal_Naive,FALSE,Stable
SEA,Sealing Systems,Sealing Systems Compact,SEA-02,Drift,-145.14130434782606,163.53161469395093,145.14130434782606,NA,NA,Seasonal_Naive,FALSE,Stable
SEA,Sealing Systems,Sealing Systems Standard,SEA-03,Seasonal_Naive,26.166666666666664,106.65989561842508,95.5,NA,NA,Seasonal_Naive,TRUE,Stable
SEA,Sealing Systems,Sealing Systems Standard,SEA-03,ETS,30.415982778847326,129.2607992804677,115,NA,NA,Seasonal_Naive,FALSE,Stable
SEA,Sealing Systems,Sealing Systems Standard,SEA-03,ARIMA,30.416666666666476,129.2609602058306,115,NA,NA,Seasonal_Naive,FALSE,Stable
SEA,Sealing Systems,Sealing Systems Standard,SEA-03,Mean,30.416666666666703,129.26096020583066,115,NA,NA,Seasonal_Naive,FALSE,Stable
SEA,Sealing Systems,Sealing Systems Standard,SEA-03,Naive,-39.666666666666664,131.7447026132993,115,NA,NA,Seasonal_Naive,FALSE,Stable
SEA,Sealing Systems,Sealing Systems Standard,SEA-03,Drift,-51.25362318840581,135.11512163062181,117.13768115942031,NA,NA,Seasonal_Naive,FALSE,Stable
SEA,Sealing Systems,Sealing Systems Heavy Duty,SEA-04,Naive,-32.25,79.62987295397794,57.083333333333336,NA,NA,Naive,TRUE,Stable
SEA,Sealing Systems,Sealing Systems Heavy Duty,SEA-04,ETS,63.94186642617183,96.89900127828494,82.71124428411454,NA,NA,Naive,FALSE,Stable
SEA,Sealing Systems,Sealing Systems Heavy Duty,SEA-04,ARIMA,63.95833333333326,96.90986827689136,82.72222222222217,NA,NA,Naive,FALSE,Stable
SEA,Sealing Systems,Sealing Systems Heavy Duty,SEA-04,Mean,63.95833333333326,96.90986827689136,82.72222222222217,NA,NA,Naive,FALSE,Stable
SEA,Sealing Systems,Sealing Systems Heavy Duty,SEA-04,Drift,-70.40217391304348,99.62370046842295,78.37318840579711,NA,NA,Naive,FALSE,Stable
SEA,Sealing Systems,Sealing Systems Heavy Duty,SEA-04,Seasonal_Naive,46.58333333333333,107.60614914275732,93.25,NA,NA,Naive,FALSE,Stable
SEA,Sealing Systems,Sealing Systems Precision,SEA-05,ARIMA,51.58333333333342,112.324585465516,95.37500000000004,NA,NA,ARIMA,TRUE,Stable
SEA,Sealing Systems,Sealing Systems Precision,SEA-05,Mean,51.58333333333342,112.324585465516,95.37500000000004,NA,NA,ARIMA,FALSE,Stable
SEA,Sealing Systems,Sealing Systems Precision,SEA-05,ETS,55.22423070574376,114.0424827827921,97.19544868620521,NA,NA,ARIMA,FALSE,Stable
SEA,Sealing Systems,Sealing Systems Precision,SEA-05,Naive,116.16666666666666,153.13610503949312,140,NA,NA,ARIMA,FALSE,Stable
SEA,Sealing Systems,Sealing Systems Precision,SEA-05,Drift,120.9710144927536,157.4585681794792,144.43478260869566,NA,NA,ARIMA,FALSE,Stable
SEA,Sealing Systems,Sealing Systems Precision,SEA-05,Seasonal_Naive,60.5,195.45630372711614,140.33333333333331,NA,NA,ARIMA,FALSE,Stable
SEA,Sealing Systems,Sealing Systems High Capacity,SEA-06,Drift,-17.68115942028985,140.0883306727374,113.95652173913044,NA,NA,Drift,TRUE,Stable
SEA,Sealing Systems,Sealing Systems High Capacity,SEA-06,Naive,9.166666666666675,149.61840350259945,115.33333333333334,NA,NA,Drift,FALSE,Stable
SEA,Sealing Systems,Sealing Systems High Capacity,SEA-06,ARIMA,34.87499999999949,153.35548413372393,112.33333333333334,NA,NA,Drift,FALSE,Stable
SEA,Sealing Systems,Sealing Systems High Capacity,SEA-06,Mean,34.87499999999994,153.35548413372402,112.33333333333334,NA,NA,Drift,FALSE,Stable
SEA,Sealing Systems,Sealing Systems High Capacity,SEA-06,ETS,34.984390540291486,153.3803979339098,112.33333333333334,NA,NA,Drift,FALSE,Stable
SEA,Sealing Systems,Sealing Systems High Capacity,SEA-06,Seasonal_Naive,52.333333333333336,182.22193428161532,127.16666666666666,NA,NA,Drift,FALSE,Stable
SEA,Sealing Systems,Sealing Systems Service Kit,SEA-07,Seasonal_Naive,105.5,178.52077376783538,140.16666666666666,NA,NA,Seasonal_Naive,TRUE,Stable
SEA,Sealing Systems,Sealing Systems Service Kit,SEA-07,ETS,120.87373073170548,183.7685188034748,151.55470937669256,NA,NA,Seasonal_Naive,FALSE,Stable
SEA,Sealing Systems,Sealing Systems Service Kit,SEA-07,ARIMA,152.41666666666623,205.89135484521896,175.4166666666663,NA,NA,Seasonal_Naive,FALSE,Stable
SEA,Sealing Systems,Sealing Systems Service Kit,SEA-07,Mean,152.41666666666669,205.89135484521927,175.41666666666666,NA,NA,Seasonal_Naive,FALSE,Stable
SEA,Sealing Systems,Sealing Systems Service Kit,SEA-07,Drift,200.28623188405825,242.82282541631733,209.17753623188435,NA,NA,Seasonal_Naive,FALSE,Stable
SEA,Sealing Systems,Sealing Systems Service Kit,SEA-07,Naive,253.41666666666669,288.75667380454894,259.5833333333333,NA,NA,Seasonal_Naive,FALSE,Stable
SEA,Sealing Systems,Sealing Systems Premium,SEA-08,Mean,31.416666666666664,119.60133430136416,103.875,NA,NA,Mean,TRUE,Stable
SEA,Sealing Systems,Sealing Systems Premium,SEA-08,ARIMA,87.4168320933602,131.3367752904444,111.99034036032253,NA,NA,Mean,FALSE,Stable
SEA,Sealing Systems,Sealing Systems Premium,SEA-08,Seasonal_Naive,-69.08333333333333,208.24524804502343,178.91666666666669,NA,NA,Mean,FALSE,Stable
SEA,Sealing Systems,Sealing Systems Premium,SEA-08,ETS,245.00199731291212,270.81996032334547,245.00199731291212,NA,NA,Mean,FALSE,Stable
SEA,Sealing Systems,Sealing Systems Premium,SEA-08,Drift,303.71014492753625,324.099371561413,303.71014492753625,NA,NA,Mean,FALSE,Stable
SEA,Sealing Systems,Sealing Systems Premium,SEA-08,Naive,314.1666666666667,334.6911511627797,314.1666666666667,NA,NA,Mean,FALSE,Stable
SNS,Sensor Modules,Sensor Modules Core,SNS-01,Drift,9.543478260869556,54.09563225540054,38.608695652173914,NA,NA,Drift,TRUE,Growth
SNS,Sensor Modules,Sensor Modules Core,SNS-01,Naive,39.5,65.99368656672141,53.33333333333333,NA,NA,Drift,FALSE,Growth
SNS,Sensor Modules,Sensor Modules Core,SNS-01,ARIMA,54.38441720143044,75.84577444397222,65.5703476678587,NA,NA,Drift,FALSE,Growth
SNS,Sensor Modules,Sensor Modules Core,SNS-01,ETS,55.738497865794784,76.82250198348058,66.69874822149565,NA,NA,Drift,FALSE,Growth
SNS,Sensor Modules,Sensor Modules Core,SNS-01,Seasonal_Naive,61.83333333333333,77.74638255250208,66.83333333333333,NA,NA,Drift,FALSE,Growth
SNS,Sensor Modules,Sensor Modules Core,SNS-01,Mean,94.125,107.95569596675605,98.6875,NA,NA,Drift,FALSE,Growth
SNS,Sensor Modules,Sensor Modules Compact,SNS-02,ARIMA,30.987361246889755,77.09737901907724,62.485915868707004,NA,NA,ARIMA,TRUE,Growth
SNS,Sensor Modules,Sensor Modules Compact,SNS-02,Naive,-35.91666666666667,83.19605359230289,70.58333333333333,NA,NA,ARIMA,FALSE,Growth
SNS,Sensor Modules,Sensor Modules Compact,SNS-02,ETS,43.50942779826313,86.74472143145749,70.29638056579823,NA,NA,ARIMA,FALSE,Growth
SNS,Sensor Modules,Sensor Modules Compact,SNS-02,Seasonal_Naive,48.33333333333333,99.09843591096683,73.83333333333333,NA,NA,ARIMA,FALSE,Growth
SNS,Sensor Modules,Sensor Modules Compact,SNS-02,Mean,95.20833333333334,121.22789747001306,102.1875,NA,NA,ARIMA,FALSE,Growth
SNS,Sensor Modules,Sensor Modules Compact,SNS-02,Drift,-106.56884057971008,132.50870012216373,114.94565217391298,NA,NA,ARIMA,FALSE,Growth
SNS,Sensor Modules,Sensor Modules Standard,SNS-03,Naive,1.4166666666666714,98.16949628066754,81.91666666666667,NA,NA,Naive,TRUE,Growth
SNS,Sensor Modules,Sensor Modules Standard,SNS-03,Drift,-41.822463768115924,104.13727171891243,96.27173913043478,NA,NA,Naive,FALSE,Growth
SNS,Sensor Modules,Sensor Modules Standard,SNS-03,Seasonal_Naive,116.58333333333334,155.84260221988936,128.58333333333334,NA,NA,Naive,FALSE,Growth
SNS,Sensor Modules,Sensor Modules Standard,SNS-03,ARIMA,128.87499999999986,162.0000267918358,131.96527777777766,NA,NA,Naive,FALSE,Growth
SNS,Sensor Modules,Sensor Modules Standard,SNS-03,Mean,128.87499999999997,162.0000267918359,131.96527777777777,NA,NA,Naive,FALSE,Growth
SNS,Sensor Modules,Sensor Modules Standard,SNS-03,ETS,128.8827022899961,162.00615421991637,131.97169635277453,NA,NA,Naive,FALSE,Growth
SNS,Sensor Modules,Sensor Modules Heavy Duty,SNS-04,Naive,116.41666666666666,149.96694080140907,135.58333333333334,NA,NA,Naive,TRUE,Growth
SNS,Sensor Modules,Sensor Modules Heavy Duty,SNS-04,Drift,130.8297101449275,162.46811863106737,144.82246376811594,NA,NA,Naive,FALSE,Growth
SNS,Sensor Modules,Sensor Modules Heavy Duty,SNS-04,Seasonal_Naive,130.25,168.7851198022701,132.58333333333334,NA,NA,Naive,FALSE,Growth
SNS,Sensor Modules,Sensor Modules Heavy Duty,SNS-04,ARIMA,153.66666666666643,180.4180908334858,160.41666666666652,NA,NA,Naive,FALSE,Growth
SNS,Sensor Modules,Sensor Modules Heavy Duty,SNS-04,Mean,153.66666666666666,180.418090833486,160.41666666666666,NA,NA,Naive,FALSE,Growth
SNS,Sensor Modules,Sensor Modules Heavy Duty,SNS-04,ETS,153.67054043516978,180.42139023184782,160.4192491790021,NA,NA,Naive,FALSE,Growth
SNS,Sensor Modules,Sensor Modules Precision,SNS-05,ETS,-26.17727223166445,84.0288061403923,65.99999999999999,NA,NA,ETS,TRUE,Growth
SNS,Sensor Modules,Sensor Modules Precision,SNS-05,Naive,-16.333333333333343,91.68333181845723,70.16666666666666,NA,NA,ETS,FALSE,Growth
SNS,Sensor Modules,Sensor Modules Precision,SNS-05,Drift,-59.289855072463794,100.0962784789895,72.4927536231884,NA,NA,ETS,FALSE,Growth
SNS,Sensor Modules,Sensor Modules Precision,SNS-05,Seasonal_Naive,77.25,122.10343975498806,99.41666666666667,NA,NA,ETS,FALSE,Growth
SNS,Sensor Modules,Sensor Modules Precision,SNS-05,ARIMA,104.70833333333329,138.21320712942014,121.86111111111109,NA,NA,ETS,FALSE,Growth
SNS,Sensor Modules,Sensor Modules Precision,SNS-05,Mean,104.70833333333329,138.21320712942014,121.86111111111109,NA,NA,ETS,FALSE,Growth
SNS,Sensor Modules,Sensor Modules High Capacity,SNS-06,Seasonal_Naive,45.5,152.83378771288326,113,NA,NA,Seasonal_Naive,TRUE,Growth
SNS,Sensor Modules,Sensor Modules High Capacity,SNS-06,Mean,93.95833333333329,152.98439122450802,137.3611111111111,NA,NA,Seasonal_Naive,FALSE,Growth
SNS,Sensor Modules,Sensor Modules High Capacity,SNS-06,ETS,-103.8070960147214,159.22301573128536,105.0614689011567,NA,NA,Seasonal_Naive,FALSE,Growth
SNS,Sensor Modules,Sensor Modules High Capacity,SNS-06,ARIMA,-123.15863399598524,172.4647925905824,123.15863399598524,NA,NA,Seasonal_Naive,FALSE,Growth
SNS,Sensor Modules,Sensor Modules High Capacity,SNS-06,Naive,-253.33333333333331,280.63113393444667,253.33333333333331,NA,NA,Seasonal_Naive,FALSE,Growth
SNS,Sensor Modules,Sensor Modules High Capacity,SNS-06,Drift,-383.61594202898556,397.7435552309909,383.61594202898556,NA,NA,Seasonal_Naive,FALSE,Growth
SNS,Sensor Modules,Sensor Modules Service Kit,SNS-07,Naive,28.41666666666667,112.75083148252168,86.41666666666667,NA,NA,Naive,TRUE,Growth
SNS,Sensor Modules,Sensor Modules Service Kit,SNS-07,ETS,2.8411152849416226,119.11144960518249,105.19964340829523,NA,NA,Naive,FALSE,Growth
SNS,Sensor Modules,Sensor Modules Service Kit,SNS-07,ARIMA,112.23848892701817,156.53345154367463,124.49424446350908,NA,NA,Naive,FALSE,Growth
SNS,Sensor Modules,Sensor Modules Service Kit,SNS-07,Drift,-84.62681159420288,156.67813090688134,135.15579710144925,NA,NA,Naive,FALSE,Growth
SNS,Sensor Modules,Sensor Modules Service Kit,SNS-07,Mean,177.54166666666666,208.38974652878997,177.54166666666666,NA,NA,Naive,FALSE,Growth
SNS,Sensor Modules,Sensor Modules Service Kit,SNS-07,Seasonal_Naive,144.5,217.0587478080531,168.16666666666669,NA,NA,Naive,FALSE,Growth
SNS,Sensor Modules,Sensor Modules Premium,SNS-08,Naive,-76.83333333333334,211.2364394069672,172.5,NA,NA,Naive,TRUE,Growth
SNS,Sensor Modules,Sensor Modules Premium,SNS-08,ETS,48.982424752412335,221.45221784034212,188.67583987752013,NA,NA,Naive,FALSE,Growth
SNS,Sensor Modules,Sensor Modules Premium,SNS-08,ARIMA,178.18158015401326,265.45460577734053,223.5074567436733,NA,NA,Naive,FALSE,Growth
SNS,Sensor Modules,Sensor Modules Premium,SNS-08,Drift,-202.3115942028986,299.68655595646266,231.22463768115946,NA,NA,Naive,FALSE,Growth
SNS,Sensor Modules,Sensor Modules Premium,SNS-08,Mean,350.9583333333334,402.3545997728041,350.9583333333334,NA,NA,Naive,FALSE,Growth
SNS,Sensor Modules,Sensor Modules Premium,SNS-08,Seasonal_Naive,251.91666666666669,426.42984964313496,360.5833333333333,NA,NA,Naive,FALSE,Growth
